frame_id,num_gt_boxes,iou,dice
0,1,0.6048557554984291,0.7537820809454312
1,1,0.8213449286755433,0.9019103583776565
2,1,0.867848342739051,0.9292492574278493
3,1,0.7674281424281424,0.8684122697897387
4,1,0.7484975984483456,0.8561608538811589
5,1,0.5096510128830429,0.6751905023529131
6,1,0.607582698580503,0.755896040828256
7,1,0.9548177409734888,0.9768867152781155
8,1,0.9232436337366805,0.9600901493097943
9,1,0.9253406390043,0.96122277820183
10,1,0.9046043816159721,0.9499131581840167
11,1,0.9019248018828331,0.9484337140879197
12,1,0.4890830032785869,0.6568915261295024
13,1,0.8131730202585317,0.8969613061445015
14,1,0.8930505607596196,0.9435041823724639
15,1,0.8878778788787788,0.9406094417570001
16,1,0.910070945009164,0.9529184739311322
17,1,0.8996019488184033,0.9471478478719993
18,1,0.9083892489757607,0.9519957728364865
19,1,0.8444611326374778,0.9156724613979205
20,1,0.9298918482647296,0.9636724970892496
21,1,0.8951871247434348,0.9446952367456831
22,1,0.8508081747567935,0.9193909842856561
23,1,0.825173826387852,0.9042139597420474
26,1,0.9331640945051107,0.9654266775982102
27,1,0.9343539284421626,0.9660630505138706
28,1,0.9322711039070224,0.9649485540843462
29,1,0.9418635591427928,0.9700615212724468
30,1,0.9449214789679502,0.9716808510638298
31,1,0.8734976616618024,0.9324779843995166
32,1,0.9030995572061135,0.9490828304662403
33,1,0.8763496597200183,0.934100587468099
34,1,0.8356072581056373,0.9104423121185425
35,1,0.7723003094709002,0.871523076923077
36,1,0.6553505999496546,0.7917967347456016
48,1,0.6932509037134407,0.8188401402214918
49,1,0.7042447493974718,0.8264596380847932
50,1,0.7043134948968878,0.8265069742224851
51,1,0.719640941681251,0.8369665134602757
52,1,0.686716250409519,0.8142641066543239
53,1,0.701023066658194,0.8242369905487691
54,1,0.8940062905154974,0.944037298072725
55,1,0.9175590294257238,0.95700733624927
56,1,0.9155532000656883,0.9559151894442734
58,1,0.9208260068949284,0.9587812780434712
59,1,0.8961727600326513,0.9452437867710108
60,1,0.820584987905825,0.9014519985136471
61,1,0.8516448017192717,0.9198792348602827
62,1,0.8662748180295937,0.9283464682272288
63,1,0.8951873557094655,0.9446953653554228
64,1,0.8788116888219033,0.9354973614976352
67,1,0.9165649903436544,0.9564663812201928
68,1,0.9363415803876209,0.9671243853578583
69,1,0.9292436167356686,0.9633242880004688
70,1,0.9326081985020868,0.9651290926168342
94,1,0.9318840465266865,0.9647411791635329
95,1,0.9347473879116519,0.9662733168701775
96,1,0.9356368934804281,0.9667483572273506
97,1,0.8719439780498792,0.9315919581719936
98,1,0.8617946254833863,0.925767658459788
99,1,0.8700805992021493,0.9305273789518593
100,1,0.7721588566717054,0.8714330024813896
101,1,0.8488971414773059,0.9182740590955969
102,1,0.7684515074007295,0.8690670953485174
103,1,0.8178102881511535,0.8997751783910592
104,1,0.7402426845784484,0.8507350051096612
105,1,0.7000626404804894,0.8235727599809268
108,1,0.7785285430220661,0.8754748930812148
109,1,0.8145010904263725,0.8977686425473358
110,1,0.826064901156285,0.9047486763840774
111,1,0.68187849996019,0.8108534593626473
112,1,0.3965091169175328,0.567857541514278
113,1,0.39342384553983384,0.5646865407092491
114,1,0.6443573133310604,0.7837193389869166
115,1,0.7955586887557279,0.8861405575186494
116,1,0.8021638442611086,0.8902229914505889
117,1,0.582831845228022,0.7364418993529405
118,1,0.6483341315396327,0.7866537725989496
119,1,0.586321816162019,0.7392217773069257
120,1,0.5007965415359567,0.6673743277998597
121,1,0.6142792440400214,0.7610569810743254
122,1,0.5873315631788945,0.7400237944020538
123,1,0.8113754583439925,0.8958666792204124
124,1,0.826956182431657,0.9052829951630128
125,1,0.6083257368580979,0.7564708105044399
126,1,0.7198450662181741,0.8371045512850364
127,1,0.6773123401844355,0.807616236949594
128,1,0.9050196903782939,0.9501420850916007
129,1,0.8795776614625094,0.9359311716634313
130,1,0.9109461465784856,0.9533980308231272
131,1,0.9299296981373248,0.9636928215932924
132,1,0.9197388526184193,0.9581916325378793
133,1,0.6840405807970336,0.8123801630401167
134,1,0.8321312216342441,0.9083751336238796
135,1,0.8815701537130951,0.9370579693490593
136,1,0.43915666659272895,0.610297234188482
137,1,0.7439586745621771,0.8531838344723952
138,1,0.9063885456791918,0.9508959207014869
139,1,0.8653771487063641,0.9278307599152286
140,1,0.9208646259317393,0.9588022117748797
141,1,0.9062369111212779,0.9508124680979085
142,1,0.8706932026486103,0.930877603463619
143,1,0.9072402172819636,0.9513643945437404
144,1,0.8211874342401924,0.9018153967033004
145,1,0.921901560685855,0.9593639752879567
146,1,0.9138322589089957,0.9549763357316773
147,1,0.5652004583617313,0.7222083987290893
148,1,0.5368421868220418,0.6986302060488729
149,1,0.5476630387713272,0.7077290405618407
150,1,0.5782691853421015,0.7327890460165797
151,1,0.4358173262362108,0.6070651443922095
152,1,0.5438695799841503,0.7045537874899171
153,1,0.7961534184113215,0.8865093708036484
154,1,0.8623522206837789,0.9260892876291239
155,1,0.904741188911347,0.949988580263181
156,1,0.905790656151378,0.9505667930816327
157,1,0.6965543275927155,0.8211400204095726
158,1,0.6972720988354574,0.8216385567333299
159,1,0.5282450592185105,0.6913093630266811
160,1,0.7252883801229395,0.8407735060167244
161,1,0.8466033432900001,0.9169303698775392
162,1,0.9074588542324368,0.9514845913649855
163,1,0.9203350363187711,0.9585150704566926
164,1,0.8495706877497237,0.9186679842805598
165,1,0.8417161539059025,0.9140563296040978
166,1,0.7109452697358633,0.8310555367391961
167,1,0.5951985930915485,0.7462376103755629
168,1,0.5039058484941926,0.6701295150873117
169,1,0.6916277461819513,0.817706788911418
170,1,0.6558200564735546,0.7921392833835731
178,1,0.755146832887055,0.8604941976790716
181,1,0.9209648027191384,0.95885650941184
182,1,0.8882098851444155,0.9407957157013641
183,1,0.8905405950173345,0.9421015315560247
184,1,0.8773479487043048,0.9346673847113177
185,1,0.9031345127063011,0.9491021330090043
186,1,0.6124503018272628,0.7596516942360595
187,1,0.605041232881824,0.7539260929708115
188,1,0.5005686525041771,0.667171944007785
194,1,0.5789873677724146,0.7333654208889987
195,1,0.6357822671316753,0.777343390873789
196,1,0.6225723151704533,0.7673892982761157
197,1,0.5038726693675274,0.670100174876424
198,1,0.9224616011961397,0.9596671274185052
199,1,0.9283275554154848,0.9628318101957153
200,1,0.8870876788558185,0.9401658320334948
201,1,0.9097482110384976,0.9527415245424293
202,1,0.938685034898419,0.9683729105048806
203,1,0.9244606034554811,0.9607477563277297
204,1,0.8543846026864594,0.9214750828374079
205,1,0.8367732845560609,0.9111339887092325
206,1,0.7945995454391261,0.885545243180916
207,1,0.6729411471197265,0.8045006822604819
208,1,0.6903954655195975,0.8168449094926816
209,1,0.695634821008993,0.8205007497959416
210,1,0.7321154376156541,0.8453425467109151
211,1,0.7715829945261646,0.8710661559861446
212,1,0.9076895536637759,0.9516113897258918
213,1,0.9194388602938889,0.9580288065576748
214,1,0.8940357322745993,0.9440537124407123
215,1,0.91981699708859,0.9582340384354302
216,1,0.9119936615933557,0.9539714277434872
217,1,0.9228883674301264,0.9598980191070943
218,1,0.9482791405210116,0.9734530548506735
219,1,0.9442949851836263,0.9713495044523233
220,1,0.9204349997225767,0.9585692823298279
221,1,0.9510420823229688,0.9749067853940185
222,1,0.9349708879184861,0.9663927181088147
223,1,0.9387381275440977,0.9684011617734541
224,1,0.9337571691708711,0.9657439766040885
225,1,0.9398367916218068,0.9689854277235903
226,1,0.9224260630984755,0.9596478957549637
227,1,0.9092416030147458,0.9524636395718885
228,1,0.9243614282885618,0.9606941967348058
229,1,0.9011088437993301,0.947982380638955
230,1,0.8474373105538716,0.9174192874775332
231,1,0.8616233812185974,0.9256688435601712
232,1,0.8251565945873582,0.9042036141276024
233,1,0.8471695422786254,0.9172623550663105
234,1,0.9082550789575136,0.9519220873277554
235,1,0.849574253034038,0.9186700686824527
236,1,0.8676546520857898,0.9291382120530648
237,1,0.9093655884538663,0.9525316617759273
238,1,0.826846908903048,0.9052175142574351
239,1,0.8519485622140185,0.9200563985378811
240,1,0.813505867074811,0.8971637554026751
243,1,0.7719656011887824,0.8713099178346165
244,1,0.8139028354993955,0.8974051085545774
245,1,0.9514463963748344,0.975119171238645
246,1,0.9492120461722919,0.9739443669417899
247,1,0.9193082889878152,0.9579579208430663
248,1,0.8584774248251219,0.9238502586663407
249,1,0.847363328495404,0.9173759329579678
250,1,0.9312038148171541,0.9643765279174537
251,1,0.9326760520087296,0.9651654254621217
252,1,0.9167065836393634,0.9565434704134618
253,1,0.9115229935303375,0.9537138675448226
256,1,0.8211095229587279,0.9017684138235511
257,1,0.5000456928278876,0.6667072812764803
258,1,0.7374060477488751,0.8488586173673316
262,1,0.4865390927780433,0.6545930680757266
263,1,0.47365938377752526,0.6428342790630002
264,1,0.6064174532986274,0.7549936064917698
265,1,0.49955067553609056,0.6662671474673583
266,1,0.6550268919549352,0.7915604213309314
267,1,0.4255277771775535,0.5970108530891893
268,1,0.6232277944983277,0.7678870416224501
269,1,0.6022257091354012,0.7517364197836726
270,1,0.6592374121089142,0.7946269862261773
271,1,0.6848000081307837,0.812915485310973
272,1,0.6773671972446219,0.807655232983356
273,1,0.6800196367206677,0.8095377242709368
274,1,0.8163751399539473,0.8989058724671224
275,1,0.7406469223726853,0.8510019037785164
276,1,0.5901109989909182,0.7422261708338622
277,1,0.7836402134746592,0.8786976292130931
278,1,0.7987059066394859,0.8880894911071978
279,1,0.7822901965932587,0.8778482854122855
280,1,0.7749972858538704,0.8732377136915502
281,1,0.868888309924761,0.9298450905926436
282,1,0.744344466082191,0.8534374724207925
283,1,0.734607995608819,0.8470017404145351
284,1,0.6973400146566578,0.8216857066175012
287,1,0.742193426436024,0.852021842321282
288,1,0.7320759525933478,0.8453162247270373
289,1,0.7871247341609378,0.8808839350886114
290,1,0.7372749854334693,0.848771773743707
293,1,0.7695802840110503,0.8697884927454861
294,1,0.7138341011613398,0.8330259045232287
295,1,0.7166794231499887,0.834960113676823
296,1,0.5711348205625606,0.7270347688660609
297,1,0.811361908689366,0.8958584198962616
298,1,0.8584125873766183,0.9238127132881455
299,1,0.8643486157160053,0.9272392603290572
300,1,0.8903153014083874,0.9419754479531053
301,1,0.9181464123044425,0.9573267258586275
302,1,0.9211918045285667,0.9589795275590551
303,1,0.9263771448350887,0.9617817023201789
304,1,0.8385735594284817,0.9122001729309663
305,1,0.8130553462067044,0.8968897148206626
306,1,0.8563415146097668,0.9226120386471923
307,1,0.8281565087642839,0.9060017616588685
308,1,0.8512851757358821,0.9196694133279579
309,1,0.9029134042398781,0.9489800242387261
310,1,0.9296195550918508,0.9635262584676703
311,1,0.9094225056788398,0.9525628853479141
312,1,0.9108128029304684,0.9533249950320869
313,1,0.8817870270354281,0.9371804719310852
314,1,0.9144606795059019,0.9553193641374893
315,1,0.8473425205333057,0.9173637385758739
316,1,0.8722509379286538,0.931767126145665
317,1,0.8494876895361057,0.9186194580718479
318,1,0.8263175308408565,0.9049001796094143
319,1,0.8765565580493625,0.9342181074046848
320,1,0.8358732864344837,0.9106001951342335
321,1,0.8612695355899563,0.9254646026503244
322,1,0.861152398125863,0.9253969733945735
323,1,0.7888978386360586,0.8819931709879554
324,1,0.6976433370063626,0.8218962390964786
325,1,0.696910076362348,0.8213871625493654
326,1,0.7261450743416913,0.8413488357791999
327,1,0.8135867033346859,0.8972129116724602
328,1,0.829084704937776,0.906556927297668
329,1,0.8031637523503574,0.8908383959065982
330,1,0.8304357745836185,0.9073640125641921
331,1,0.9101361982105113,0.9529542438525187
332,1,0.7961723347859293,0.8865210975213226
333,1,0.7861411135511436,0.8802676424464192
334,1,0.8057221763558388,0.8924099032575227
335,1,0.8435851327854479,0.9151572311834458
336,1,0.8467618670214272,0.917023339221464
338,1,0.8387240199019019,0.9122891862223553
339,1,0.7492584240889464,0.8566583573598363
340,1,0.7684540753215399,0.8690687375433481
344,1,0.793794921804457,0.8850453439860827
346,1,0.8033245994587861,0.8909373273118771
348,1,0.8894295081967213,0.9414794299953495
349,1,0.7644900316033255,0.8665280255606344
368,1,0.8109104040917701,0.8955831301863526
369,1,0.5820215603987582,0.7357947261503264
371,1,0.5059925093632959,0.6719721462322805
372,1,0.4558318978403542,0.6262150163306018
373,1,0.7315777027470867,0.8449839722311793
374,1,0.6838206781421088,0.8122250629403384
376,1,0.9310111990461649,0.96427322586844
380,1,0.9374242396554769,0.9677015704337164
381,1,0.9397975985643189,0.9689645963680756
382,1,0.9467470703428553,0.9726451728278364
383,1,0.9415347439511756,0.9698870925534698
385,1,0.8961028152114356,0.9452048781558405
386,1,0.9018503456689712,0.9483925459463505
387,1,0.9267635187316945,0.9619898962398282
388,1,0.9293421741663778,0.9633772449595926
416,1,0.8297989787938728,0.9069837598672633
417,1,0.780680972043593,0.8768341823158214
418,1,0.7620005230361346,0.864926557142126
419,1,0.7806268342237941,0.876800033808412
421,1,0.8009856500942165,0.8894969818913481
422,1,0.7953765753595108,0.8860275735749115
423,1,0.8060710864305779,0.8926238756456187
425,1,0.8448430221089209,0.9158969212926787
426,1,0.8481253877743965,0.9178223440734731
427,1,0.6479185215748442,0.7863477630625288
428,1,0.48148477571229503,0.6500030018611539
431,1,0.8936160887129175,0.9438197045741246
432,1,0.9102664115395938,0.9530256157369773
433,1,0.8838768295755614,0.9383594677733781
434,1,0.901179058249667,0.9480212338119729
435,1,0.8117903394095624,0.8961195142194143
436,1,0.8557242461742779,0.9222536677401516
437,1,0.915068395044045,0.955650876399116
438,1,0.6569840612224159,0.7929877861803154
439,1,0.8805645961084494,0.9364896031018001
440,1,0.8676749384567499,0.9291498435736416
441,1,0.8453100320248084,0.9161712854259755
442,1,0.8580980468693528,0.9236305353370705
443,1,0.8416257684006582,0.9140030323658642
447,1,0.9164290022562606,0.9563923330082412
448,1,0.9033881371122964,0.9492421640106062
450,1,0.5840950955163541,0.7374495346517836
451,1,0.5229027896737476,0.6867185393832911
453,1,0.5396608692494826,0.7010126450931284
455,1,0.9201995012468828,0.9584415584415584
457,1,0.8956113717913331,0.9449314190861703
462,1,0.9151692823506618,0.9557058906326976
463,1,0.8448378131037522,0.915893860265579
464,1,0.8810458490691049,0.9367616951018162
470,1,0.7178296382730455,0.8357401948131342
471,1,0.7611376355645493,0.8643704162514924
472,1,0.7881960414409217,0.881554396917014
473,1,0.766598316090347,0.8678807277331763
474,1,0.7839251893939394,0.8788767534139318
476,1,0.8477258428040108,0.9175883382326319
487,1,0.6049383746952136,0.7538462338905625
488,1,0.4627213754129025,0.6326855998563414
489,1,0.5507327687513742,0.7102871363127454
490,1,0.6291046061450213,0.7723317505481524
491,1,0.6123795960245632,0.7595973026878146
492,1,0.650623764401118,0.7883368438442159
493,1,0.7655210388656908,0.8671899365838445
494,1,0.7633948040620522,0.8658240370262417
495,1,0.916805826143427,0.9565974953112711
496,1,0.8877127438771274,0.9405167674546454
497,1,0.9344697745720684,0.9661249680458679
498,1,0.946446049538833,0.9724862908613083
500,1,0.9568900713160458,0.9779701837543884
501,1,0.9594335812826492,0.979296864611866
502,1,0.9231798524877343,0.9600556612461935
503,1,0.8309691037706216,0.9076822782638532
505,1,0.8179583170363748,0.8998647651831817
507,1,0.6152558251706738,0.7618060440743665
508,1,0.31523318515967236,0.4793571036932167
510,1,0.2963051494277721,0.45715339410411204
511,1,0.3317815945169555,0.498252259804348
547,1,0.8808703502404334,0.9366624872658883
548,1,0.8374206516230448,0.9115176221442028
549,1,0.6920557746995688,0.8180058660565679
551,1,0.7950553753216243,0.8858282437990777
556,1,0.850925431007148,0.9194594409393706
557,1,0.864151113515463,0.9271256039815625
558,1,0.8546421353041698,0.921624845069105
559,1,0.8741760038553553,0.9328643649871661
560,1,0.9090089437373713,0.9523359717296607
561,1,0.9246485528214671,0.9608492433238939
563,1,0.9436812779704218,0.9710247134301845
564,1,0.9105212301142729,0.953165257482967
565,1,0.8594087497059432,0.9243892714195894
566,1,0.8595728963803639,0.9244842168365781
567,1,0.878410627635033,0.9352700785567578
570,1,0.8408044073817623,0.9135184640041867
571,1,0.8524558432131624,0.9203521329118884
574,1,0.8615035932144128,0.9255997102071483
575,1,0.8586066395030392,0.9239250751117691
576,1,0.8491941912452778,0.9184478247505379
577,1,0.8994606644613836,0.9470695353582773
578,1,0.8735818120599043,0.9325259312796671
579,1,0.7959527270636739,0.8863849421749886
580,1,0.8061324120319951,0.8926614756058259
581,1,0.648936170212766,0.7870967741935484
582,1,0.880516517612703,0.9364624127104292
583,1,0.6842355840591481,0.8125176674038478
584,1,0.8895446252373683,0.9415439184196266
585,1,0.8748930062856105,0.9332724623245348
586,1,0.8743056102319152,0.9329381563593933
592,1,0.8599191675982457,0.9246844514309492
593,1,0.8893033075299085,0.941408723507282
594,1,0.9533088877248123,0.9760964010512577
595,1,0.930921881106431,0.9642253166378814
596,1,0.9381154049761778,0.9680697058261178
597,1,0.9019300213862497,0.9484365999216572
630,1,0.7877094132672225,0.8812499474706046
631,1,0.8417212599838464,0.9140593403273513
632,1,0.8203425551132372,0.9013056941496449
633,1,0.819504113888933,0.9007994075235792
634,1,0.8268729654287195,0.9052331290420885
637,1,0.9619571365721827,0.980609737736532
638,1,0.9602753353641582,0.9797351607097264
639,1,0.9465751353312971,0.9725544297268494
640,1,0.9047996112800764,0.9500207853066778
648,1,0.9116761625158609,0.9537976989952627
649,1,0.8793354140813998,0.9357940125990869
650,1,0.7264347130573885,0.8415432191709424
651,1,0.6856759499078796,0.8135323398846036
653,1,0.7267947640857476,0.8417847670166517
667,1,0.8482459752534462,0.9178929499761286
668,1,0.5990138107002552,0.7492290644293177
669,1,0.7459303542343424,0.854478934311743
670,1,0.7517295908282269,0.8582712705935455
671,1,0.7551968470923651,0.8605266678132584
672,1,0.7805286322029608,0.8767380856293796
673,1,0.7864123101880377,0.8804376298831706
675,1,0.6014014808381933,0.7510939486872615
676,1,0.6140639107203647,0.7608916928776444
679,1,0.9467136111882628,0.9726275151591448
680,1,0.9485133434871863,0.9735764414008734
681,1,0.9112115553058223,0.9535433717697619
682,1,0.9235976947509742,0.9602815570753132
683,1,0.918536984193145,0.9575389911802431
685,1,0.926302962997239,0.9617417205816412
686,1,0.9215588459823284,0.9591783753166448
687,1,0.8644139907743293,0.9272768763286533
691,1,0.9084114258315177,0.9520079512579023
692,1,0.936024678111588,0.966955316937998
693,1,0.914893932650942,0.955555727710078
694,1,0.8870415917762432,0.9401399477806789
695,1,0.8638779721324983,0.9269683799568906
696,1,0.8787187306732636,0.9354446903910552
697,1,0.8912780847672083,0.9425140511548972
698,1,0.9008887691893348,0.947860583734769
699,1,0.8789707846060802,0.9355874948213774
700,1,0.8893399234115149,0.9414292392717399
701,1,0.8761738249394554,0.9340006915060013
702,1,0.8826182069389008,0.9376497089912035
703,1,0.8248584317112967,0.904024572402331
704,1,0.8332097951078863,0.9090173937880918
707,1,0.8738739925196228,0.9326923752697014
711,1,0.8625980430575568,0.9262310204530816
712,1,0.8504647692335353,0.9191904470419059
713,1,0.5613833934415977,0.7190846217522497
714,1,0.42156530974557077,0.5931001648049807
724,1,0.9404731321701983,0.969323528966759
726,1,0.9123549799721894,0.9541690633037778
728,1,0.7090195817680109,0.8297383942605475
729,1,0.9407546865000217,0.9694730540072419
732,1,0.8558356302856841,0.9223183522496959
733,1,0.8989427038336536,0.9467823352635505
735,1,0.911214588277706,0.9535450324276233
736,1,0.9438023539391369,0.9710888064586516
737,1,0.8970077687964261,0.9457080604003439
738,1,0.8834321784066868,0.9381088297578491
745,1,0.9370905084942309,0.9675237211529827
746,1,0.9284788767450203,0.9629131933372812
749,1,0.8025693473146359,0.8904726450721661
750,1,0.7684873183378658,0.8690899961444314
751,1,0.8136184398367146,0.8972322093394319
752,1,0.7854189174086355,0.8798147143512915
753,1,0.7508793591087247,0.8577168440559555
754,1,0.8412165554838247,0.913761668043197
755,1,0.8557641516168177,0.9222768430689223
756,1,0.8553794888156262,0.9220534062944225
758,1,0.8350872744178184,0.9101335789958545
760,1,0.9026436359572804,0.9488310042917014
762,1,0.62656862799177,0.7704176967501924
763,1,0.9509197070976182,0.9748424844324328
764,1,0.8356423901240653,0.9104631649605639
766,1,0.9219512195121952,0.9593908629441624
767,1,0.9088820135737323,0.9522663078292197
768,1,0.8928600009603227,0.9433978218223635
769,1,0.8784944362848821,0.9353175812671446
771,1,0.8265088547910816,0.9050148896054695
772,1,0.8211939080119407,0.9018193004042889
773,1,0.8287035547691812,0.9063290248525603
796,1,0.8644990220228985,0.9273257983101064
797,1,0.8676687049482299,0.9291462695170886
798,1,0.869795547404017,0.9303643370117358
800,1,0.8455964143165609,0.9163394637713272
802,1,0.8301048544950984,0.9071664418092736
803,1,0.8315938220492352,0.908054844953371
807,1,0.8642130280511482,0.9271612364543961
808,1,0.8635022683513341,0.9267520442733739
809,1,0.8532345679012345,0.9208057983372415
816,1,0.829320200945334,0.9066976907779927
817,1,0.8911444630471179,0.9424393328590626
818,1,0.5981043300375043,0.7485172510901938
819,1,0.5648816706560371,0.7219480951799055
820,1,0.5062801554900084,0.672225752486675
821,1,0.4294840571021769,0.600893804961797
824,1,0.8731446277077949,0.9322767871654201
825,1,0.86271173545259,0.9262965589712931
827,1,0.9167111507608608,0.9565459567519724
828,1,0.8960051509100906,0.9451505450604966
829,1,0.8555115390579843,0.9221301199693048
832,1,0.8831652257444764,0.9379582987948735
833,1,0.8887811716001913,0.9411160858271458
834,1,0.8817489062844829,0.9371589411740358
838,1,0.8894751889419252,0.941505021232924
845,1,0.9029017590044274,0.9489735922855139
846,1,0.8940993928202761,0.9440892027202226
848,1,0.7702010063701087,0.8701848022891443
849,1,0.9436556304169548,0.9710111355626521
852,1,0.9237550335048741,0.9603665928524092
853,1,0.9313172127539149,0.9644373348963485
855,1,0.7949833532159092,0.8857835386513301
856,1,0.7899673576865247,0.8826611885342224
857,1,0.7679572206253111,0.8687509082982124
865,1,0.7564171169149505,0.8613183162819039
866,1,0.7023066183587292,0.8251235244986063
867,1,0.7266748487028651,0.8417043304346121
868,1,0.6861306549459365,0.8138522989701962
869,1,0.6935840882859808,0.8190725138282727
872,1,0.9289467972964593,0.9631647680469331
874,1,0.7269189928806095,0.8418680851590645
875,1,0.8396291428368442,0.9128243549589282
877,1,0.8632496984470814,0.9266065618221259
878,1,0.7176355335623363,0.8356086253921131
884,1,0.7847441647130772,0.8793912093717207
885,1,0.556607362507767,0.7151544775055498
886,1,0.6555307725101792,0.791928224343711
887,1,0.826360714308179,0.9049260727459334
888,1,0.8495309243603936,0.918644736534134
890,1,0.8937910671716743,0.9439172912633146
892,1,0.8915766366805836,0.9426809566068218
893,1,0.4230302805311158,0.5945485297378615
894,1,0.8519660610323626,0.9200666026864892
895,1,0.7090067130780706,0.8297295822800924
896,1,0.5974814936563225,0.7480293149297201
897,1,0.6903328467702022,0.8168010792540101
898,1,0.7069470627197229,0.8283175010633614
899,1,0.6521014530493203,0.7894205913876805
902,1,0.6535457771561893,0.7904779972649735
903,1,0.6734156443950402,0.804839666284449
904,1,0.6643570917727956,0.7983347985319105
906,1,0.9221759732289188,0.9595125379491918
912,1,0.8731981316940918,0.9323072844455431
913,1,0.8875754251234229,0.9404396913732727
921,1,0.8861766707316252,0.9396539406755444
922,1,0.8616300840536988,0.9256727117102659
924,1,0.8658705158366229,0.9281142592559614
926,1,0.8781422375678976,0.9351179266433504
935,1,0.8799506295508531,0.9361422749288749
937,1,0.7465966795785904,0.8549159497528935
938,1,0.7452915198951436,0.8540596357678062
939,1,0.7512611187391798,0.85796585180861
945,1,0.3182123537107096,0.48279376659603573
948,1,0.8359940106824395,0.9106718277056909
949,1,0.8401404932176973,0.9131264664999736
950,1,0.8320731779635889,0.908340548807626
952,1,0.8420703684170873,0.9142651473631687
954,1,0.8494909151424379,0.918621344054577
955,1,0.6945139557266603,0.8197205498125639
956,1,0.6957657420301856,0.8205918126370553
958,1,0.6855565496323128,0.8134482937186059
962,1,0.9186178602659344,0.957582934351093
963,1,0.9314655102668241,0.9645168451785049
965,1,0.8817228386518724,0.9371442175656085
966,1,0.8633905352225043,0.9266876898882696
967,1,0.8647740146681772,0.9274839823656138
971,1,0.8681453797740945,0.9294195078961949
972,1,0.8826137837685409,0.9376472130165328
974,1,0.9127943076143509,0.9544092681379773
975,1,0.947938571337539,0.9732735778075828
980,1,0.8135449259159776,0.8971875075055842
981,1,0.8473456678154665,0.9173655830394475
982,1,0.7558084937583991,0.8609236103426653
983,1,0.43276519969473415,0.6040978658428323
985,1,0.8774758781662475,0.9347399754859044
989,1,0.4367091739940941,0.607929818920874
991,1,0.3489225051348091,0.5173351379439524
995,1,0.9335506322137717,0.9656335000081437
996,1,0.9360664591143021,0.9669776104096417
997,1,0.9238445973290166,0.9604149925743928
998,1,0.8899054397719847,0.9417459953756744
999,1,0.8889883338132631,0.9412322118672698
1000,1,0.8965987473241893,0.9454806912523305
1001,1,0.8908624865763132,0.9422816232282991
1002,1,0.584402391817951,0.7376944074761271
1003,1,0.7140247395228585,0.8331556984663187
1004,1,0.5881285640228098,0.7406561122898645
1005,1,0.6632382695828114,0.7975264659454606
1006,1,0.785184830186268,0.8796678270051633
1007,1,0.6679986470435542,0.8009582600412165
1008,1,0.9411226950906403,0.9696684269066205
1012,1,0.9223134340441379,0.9595869411407971
1013,1,0.8971836711918181,0.9458058118623842
1014,1,0.923791836313563,0.9603864814020264
1015,1,0.8722370978982503,0.931759229509353
1021,1,0.8237563731569519,0.903362296939932
1022,1,0.8832294189381839,0.9379945003579784
1023,1,0.8579947916666667,0.9235707177596816
1024,1,0.8105181492547169,0.8953438545626943
1025,1,0.8744822789212432,0.9330387262177844
1026,1,0.8591513934220437,0.92424037812289
1027,1,0.8623621536465573,0.9260950153631806
1028,1,0.8901165873851341,0.9418642144361671
1029,1,0.870970582408148,0.9310361056421439
1030,1,0.8882482715634252,0.9408172483886099
1031,1,0.8026847904090506,0.8905436986872363
1032,1,0.8248273620927776,0.9040059122599258
1033,1,0.7629661244684719,0.8655482528894348
1034,1,0.8457889447236181,0.9164524981487128
1035,1,0.847495383533136,0.9174533166219797
1036,1,0.8253521725574672,0.9043210235985109
1037,1,0.8924803895050041,0.9431858786536125
1038,1,0.8892580753701211,0.9413833789710367
1039,1,0.8844644567415132,0.9386905161064896
1040,1,0.900104005479313,0.9474260386628217
1041,1,0.9082145022272595,0.9518998007479721
1042,1,0.9033468579156905,0.9492193755004004
1043,1,0.8952891438924958,0.9447520414260108
1044,1,0.8979583975346688,0.9462361226685069
1045,1,0.8823021819227767,0.9374713480080044
1046,1,0.8710093152148509,0.9310582348595432
1047,1,0.9025556029324787,0.9487823657204412
1048,1,0.8899507334777749,0.9417713570132492
1073,1,0.9226727191443997,0.9597813605583319
1074,1,0.9277357238614974,0.962513390583566
1075,1,0.8892835997631735,0.9413976809777499
1076,1,0.7319555626007239,0.8452359614834588
1077,1,0.8717959098300373,0.931507441865495
1078,1,0.9017001693996941,0.9483095010548713
1079,1,0.8175686651176258,0.8996289172543762
1080,1,0.8836523034609214,0.9382329231752019
1081,1,0.8560041525640661,0.9224162040602097
1082,1,0.8273860540307015,0.9055405147759771
1083,1,0.49482240525758264,0.6620484192867266
1084,1,0.8141032794987485,0.8975269365299773
1085,1,0.6775870960348385,0.807811526014226
1087,1,0.3266348104994436,0.49242611141264125
1088,1,0.33965439669393943,0.507077642610145
1089,1,0.27566406948940253,0.4321891257778231
1090,1,0.4884692485218065,0.656337709370756
1091,1,0.500081103000811,0.6667387543252595
1092,1,0.8310438704046219,0.9077268806464793
1093,1,0.6723791695030633,0.8040989528742534
1094,1,0.4533019479917706,0.6238234919015432
1095,1,0.8771513768812039,0.934555825048642
1096,1,0.6845201118186054,0.8127182418494232
1097,1,0.8309900983416241,0.9076948030404683
1098,1,0.8380757110270171,0.911905539036524
1099,1,0.8372967931343153,0.9114442438077067
1100,1,0.83937899113734,0.9126765013428019
1101,1,0.7130553694635716,0.8324954139536759
1102,1,0.6997563860647197,0.8233607966430971
1103,1,0.6964883905066761,0.8210942018868301
1104,1,0.8822222820526627,0.9374262439296519
1105,1,0.8863095478197733,0.9397286345119591
1106,1,0.8197087546097427,0.9009230213716685
1107,1,0.8126372220201775,0.8966352584490087
1108,1,0.8392405398603991,0.9125946516208246
1109,1,0.8485837067316511,0.918090648144867
1110,1,0.8318947427324361,0.9082342160025965
1111,1,0.8663224124884392,0.9283737972511816
1112,1,0.8694644770759116,0.9301749113049406
1113,1,0.859533221421996,0.9244612696563774
1114,1,0.7609028784427417,0.8642190182750429
1115,1,0.8003247979454642,0.8890893452768046
1117,1,0.43889856536942734,0.6100479574204637
1118,1,0.16885855716001288,0.28892898311030923
1119,1,0.5451717454681673,0.7056455013070242
1120,1,0.5493586649196607,0.7091433085936196
1121,1,0.6182423725789505,0.7640911930808904
1122,1,0.39858012170385393,0.5699782451051486
1123,1,0.603746502858533,0.7529201177148751
1124,1,0.5316967779627201,0.6942585316003858
1125,1,0.669400076595553,0.8019648327328178
1127,1,0.43709626842270305,0.6083047851796897
1128,1,0.4019415255734672,0.5734069763131556
1129,1,0.38634319837524883,0.5573557814948434
1130,1,0.47292236482221756,0.642155182264884
1132,1,0.6512433554467805,0.7887914925423845
1133,1,0.7769920912327046,0.8745025879025752
1134,1,0.8168332579905235,0.8991835154910887
1136,1,0.820430058986397,0.901358505850213
1137,1,0.9131095340173573,0.9545815519510895
1138,1,0.8616066693536412,0.92565919916133
1139,1,0.803563489333859,0.8910842275152209
1140,1,0.8494684889901291,0.918608231550857
1141,1,0.8183505656859205,0.9001020827655654
1142,1,0.8861267175189022,0.9396258578899237
1143,1,0.9037005920013691,0.9494146251762254
1144,1,0.8860195213471125,0.9395655891347956
1145,1,0.8523259444270996,0.9202764200235969
1146,1,0.8373496483123153,0.9114755583744847
1147,1,0.8168332097108901,0.8991834862385321
1148,1,0.8751783521916581,0.9334347862631553
1149,1,0.802998463130822,0.8907367139253718
1150,1,0.76954,0.8697627632039965
1151,1,0.8096277830310324,0.8948003458202305
1152,1,0.8067436935444369,0.893036125076249
1153,1,0.8858055555555555,0.9394452709570034
1156,1,0.8327178779639924,0.9087245647312368
1157,1,0.8073185765305197,0.8933882349400913
1158,1,0.8661335086887988,0.9282653193418836
1159,1,0.8577572669853788,0.9234330902414171
1160,1,0.916429959635222,0.9563928543568141
1161,1,0.8422450656000737,0.9143681058803429
1162,1,0.8881627089461224,0.9407692512281955
1163,1,0.916208861359773,0.9562724396437832
1164,1,0.9015867113815615,0.9482467520258709
1165,1,0.9298124843139364,0.9636298778992427
1166,1,0.7792713988011012,0.8759443886145593
1167,1,0.8161338531000182,0.8987595839446885
1168,1,0.39559064825810664,0.5669150173109276
1169,1,0.5020070629782225,0.6684483386953302
1170,1,0.6455559337644915,0.7846052759661248
1171,1,0.7100838885628474,0.8304667312661499
1194,1,0.5300349083755915,0.6928402815832736
1195,1,0.5365298137008702,0.698365640440897
1196,1,0.6259675355016964,0.7699631411257575
1197,1,0.5929090734394517,0.7444355529461912
1198,1,0.55470460353179,0.7135819914235528
1199,1,0.4069229670368915,0.5784580628375249
1200,1,0.5515342150806584,0.7109533385984481
1201,1,0.8459237943139529,0.9165316541448504
1202,1,0.7923226207692365,0.8841294659654345
1203,1,0.6338482691685539,0.7758961234400448
1204,1,0.531053916964118,0.6937102750987755
1205,1,0.7512756548361492,0.8579753310239892
1206,1,0.8120871777737798,0.8963003411033025
1207,1,0.6436088477977351,0.7831654698867118
1208,1,0.5046628061673726,0.6707985391794631
1209,1,0.4200210149285294,0.5915701394738434
1210,1,0.4019532930517475,0.5734189506082369
1211,1,0.4925784046706967,0.6600368906977089
1212,1,0.48368869132826037,0.6520083278322246
1213,1,0.44565588565295866,0.6165449054311698
1214,1,0.3972258847892969,0.5685922213632607
1215,1,0.7822367300086986,0.8778146211865814
1216,1,0.7198042432922029,0.837076947681312
1217,1,0.7219753914363689,0.838543216153792
1218,1,0.788502263593325,0.8817458939181047
1219,1,0.7279035311548275,0.8425279745430467
1220,1,0.8515522886389812,0.9198252664686354
1221,1,0.8863886968060254,0.9397731213156982
1222,1,0.893073449407972,0.9435169561828319
1223,1,0.8940999380183584,0.944089506653785
1224,1,0.8968374486422059,0.9456133937931055
1225,1,0.9096882887960237,0.9527086636422146
1226,1,0.8895248114626155,0.9415328193272734
1227,1,0.9213955491744437,0.9590899172950984
1228,1,0.8361851651634563,0.9107852312803317
1229,1,0.8894724151518181,0.941503467337309
1230,1,0.8870593456758813,0.9401499191941591
1231,1,0.7804124119146243,0.8766647622675046
1232,1,0.6889175216048218,0.815809549953875
1233,1,0.6832888374437578,0.8118497815044032
1234,1,0.6226007950028393,0.7674109330160286
1236,1,0.706556507987852,0.8280493551554656
1237,1,0.3563909372662178,0.5254988476766403
1238,1,0.356118219323864,0.5252023227022465
1239,1,0.5873158858084733,0.7400113500525242
1240,1,0.7860882823000742,0.8802345215408635
1241,1,0.786217060402094,0.880315251523921
1242,1,0.8169043545820602,0.8992265911212167
1243,1,0.8696882999548261,0.9303029814925181
1244,1,0.8310629593150997,0.9077382676409497
1245,1,0.7954171168821491,0.8860527276953216
1246,1,0.8469386124692423,0.9171269762311569
1247,1,0.8395141224074472,0.9127563764596064
1248,1,0.7768339651936658,0.8744024263505058
1249,1,0.7905897142684044,0.8830495428054237
1250,1,0.8202015422491997,0.9012205771847519
1317,1,0.9289319821933618,0.9631568046656431
1318,1,0.8565960786331824,0.9227597628707743
1320,1,0.7324541751527495,0.8455683107325703
1323,1,0.8969652439744414,0.9456844260310829
1328,1,0.8722387671312092,0.9317601819213708
1336,1,0.8795270658692911,0.93590252765262
1339,1,0.8970467376545416,0.945729717511996
1345,1,0.8525323520899657,0.9203967219554
1349,1,0.8016832631973668,0.8899269694881389
1350,1,0.8334565828280104,0.9091642427031977
1354,1,0.4152393000210837,0.5868114318403929
1396,1,0.8992937266306605,0.9469769883629364
1398,1,0.856835689178072,0.92289877254282
1400,1,0.7232946173538685,0.839432340901166
1422,1,0.7386154853055978,0.8496593888047314
1423,1,0.8432593691271775,0.9149655043136753
1424,1,0.8346413732320477,0.909868691952235
1425,1,0.8751018372267021,0.9333912642536665
1428,1,0.8650218719945397,0.9276265173978316
1458,1,0.9215994104737036,0.9592003468053888
1460,1,0.5805085356191025,0.734584499275369
1468,1,0.49268961516657656,0.6601367225450884
1471,1,0.38447253339723236,0.5554065163774826
1474,1,0.7405201369463554,0.850918206836212
1509,1,0.8917664649542268,0.9427870527092824
1513,1,0.8917680744452398,0.9427879521719389
1514,1,0.8431299855292584,0.9148893373216452
1520,1,0.8746085324689568,0.9331105852986297
1524,1,0.8815696148663026,0.9370576649420901
1527,1,0.9057195922545528,0.9505276599303315
1532,1,0.879412938917511,0.9358379105594837
1534,1,0.8557179324410108,0.9222500009097824
1536,1,0.8301750316047387,0.9072083459436364
1537,1,0.7801980741269101,0.8765295114809678
1546,1,0.5565641123638448,0.7151187772389663
1556,1,0.7338647451214656,0.8465074881836354
1580,1,0.45307766728521354,0.6236110807919841
1581,1,0.7963507451402073,0.8866316862613055
1625,1,0.8729578778104454,0.9321703260416773
1626,1,0.9039340555271016,0.9495434496830287
1695,1,0.8379102379102379,0.9118075743056618
1698,1,0.7366417125252632,0.8483519740569944
1707,1,0.6092399231929324,0.7571772417678087
1778,1,0.5545848476376852,0.7134828934945826
1783,1,0.6236062342142549,0.7681742297769009
1785,1,0.8306541662277468,0.9074943608157253
1826,1,0.7692532088681447,0.8695795548227535
1917,1,0.7623583176851203,0.8651570001797222
1920,1,0.7014295897354665,0.8245179159538689
1924,1,0.6438450330192005,0.7833403028710921
1995,1,0.8164271980139381,0.8989374293741151
1998,1,0.6700329376670189,0.8024188296585729
2000,1,0.6613523792676455,0.796161473653388
2001,1,0.6230342099032286,0.7677400834827458
2002,1,0.6924616814099126,0.8182893462415697
2003,1,0.6926808432742472,0.8184423496332077
2004,1,0.8034273961459061,0.891000544699394
2005,1,0.702263116315814,0.825093500040949
2006,1,0.6852871140258422,0.8132585935328454
2007,1,0.7203946867915342,0.8374760656056673
2008,1,0.773110628182296,0.8720387954302098
2017,1,0.7373527892368624,0.8488233291532538
2026,1,0.8677099752308038,0.9291699318825728
2030,1,0.7976547987616099,0.88743934520811
2031,1,0.7818188945511564,0.8775514693911673
2035,1,0.7202887451781257,0.8374044731700481
2058,1,0.8581538604047982,0.9236628663439632
2059,1,0.8339626483054768,0.9094652490071505
2062,1,0.8457158126549154,0.9164095651739803
2063,1,0.8335775514689721,0.9092362096178052
2064,1,0.8331603953907487,0.9089879941609319
2065,1,0.8272839349493265,0.9054793501178221
2066,1,0.7999487026033428,0.8888572229267899
2070,1,0.7334844155417611,0.8462544098644547
2096,1,0.8966164515402415,0.9454905348016986
2097,1,0.9026785355194187,0.9488502851828235
2098,1,0.9021289197902714,0.9485465579165266
2099,1,0.8998522590176837,0.9472865637278041
2100,1,0.9337787177409259,0.9657555015723646
2101,1,0.9361394175288986,0.967016537191001
2110,1,0.8945323529050712,0.9443305114672732
2116,1,0.858815375285182,0.924045913008893
2130,1,0.8691443291963453,0.9299916711836174
2131,1,0.8522891250163978,0.9202549575070822
2132,1,0.825601897073911,0.904470901785534
2147,1,0.8347211891016568,0.9099161159307975
2148,1,0.8950373443983403,0.9446118273542601
2149,1,0.9384299132136082,0.9682371354431286
2150,1,0.9360438495789565,0.9669655465525987
2165,1,0.901009207204046,0.9479272417930331
2169,1,0.9146423442417576,0.9554184853296734
2186,1,0.7571092840899584,0.8617668701034498
2187,1,0.7744037747307935,0.8728608288136486
2188,1,0.8586372711678524,0.9239428095922536
2190,1,0.8826215561691823,0.9376515989386294
2191,1,0.9236253293418059,0.9602964935566082
2195,1,0.9077227796083077,0.9516296490359891
2196,1,0.8987012503259291,0.9466483999751504
2203,1,0.7202907557700275,0.8374058319549764
2204,1,0.6937008283667937,0.8191539104762879
2205,1,0.701200245568779,0.8243594455094142
2206,1,0.7092463048629132,0.8298936236925748
2207,1,0.7147805092681386,0.8336699716434309
2208,1,0.7188459350303331,0.836428583132609
2209,1,0.720947912470711,0.8378497771448163
2210,1,0.701437698784435,0.824523518299337
2218,1,0.749223642668599,0.8566356232477975
2219,1,0.7617294035494538,0.8647518762129478
2220,1,0.7984893298770211,0.8879555931884467
2221,1,0.7662854267061006,0.867680177982475
2222,1,0.6576973357661682,0.7935071397845834
2223,1,0.7676813647407712,0.8685743709849552
2224,1,0.7469759613625553,0.8551645562197099
2225,1,0.7662166061692207,0.8676360572003474
2226,1,0.7548393526575233,0.8602945352398177
2227,1,0.7939664752731987,0.8851519648964316
2228,1,0.7854937907957679,0.8798616885087962
2232,1,0.9489891490576813,0.973827021578349
2233,1,0.914411457556318,0.9552925040717565
2254,1,0.8365762484424423,0.911017170293826
2255,1,0.7851613689696157,0.8796531032069175
2256,1,0.8107221175525836,0.8954682882521758
2257,1,0.788495818445954,0.8817418641001774
2262,1,0.890480563207836,0.942067938214436
2263,1,0.8723104277467514,0.9318010676216135
2264,1,0.9002180739053215,0.9474892237554572
2298,1,0.7307485461468409,0.8444306341018789
2309,1,0.9246348151109054,0.9608418260454508
2311,1,0.9305932762030323,0.9640490181684086
2312,1,0.9117558572449325,0.9538413116817972
2318,1,0.7336491608012994,0.8463640480317297
2319,1,0.6731757587846149,0.8046683144317197
2320,1,0.543365150210428,0.7041303869487316
2321,1,0.6127191799298625,0.759858489382522
2322,1,0.631248403304096,0.7739451600694308
2324,1,0.9304083153884379,0.963949759200266
2325,1,0.9053822706584826,0.9503418653576438
2328,1,0.8515749711558218,0.9198384990311649
2329,1,0.8030667175789702,0.8907787046918276
2330,1,0.7996039838923785,0.8886443807074803
2331,1,0.7918392637097167,0.8838284546464733
2332,1,0.7786371717410272,0.8755435724744858
2333,1,0.7940479821413506,0.8852026144736509
2355,1,0.8695485496266817,0.930223020739757
2356,1,0.8953521335075307,0.9447871112483947
2358,1,0.9103790138620811,0.9530873269191026
2359,1,0.897290303129279,0.9458650599218699
2360,1,0.9316497978250496,0.9646156346497643
2361,1,0.9301932017640434,0.963834294840455
2369,1,0.6822989911342098,0.8111506869230211
2370,1,0.7435689026646367,0.8529274656461994
2371,1,0.7534789358351408,0.859410307630843
2372,1,0.7800736234701344,0.8764509660554748
2388,1,0.7995716790416907,0.8886244303060817
2389,1,0.6537960585925702,0.7906610433561804
2390,1,0.645971332392225,0.7849120087084165
2414,1,0.9214302942595273,0.9591087399968617
2415,1,0.907536394546595,0.9515272129445358
2416,1,0.9061321290257471,0.9507547931516006
2417,1,0.9209673052829072,0.9588578657743196
2418,1,0.8820205736597087,0.9373123609850488
2419,1,0.8947626378459895,0.9444588150241094
2439,1,0.9118237818763469,0.9538784803497354
2440,1,0.9130116513145855,0.9545280612244897
2441,1,0.9270614338863997,0.9621503680002036
2443,1,0.9379216690842875,0.9679665427627703
2444,1,0.9373084441813282,0.9676398685986402
2445,1,0.9246791316215871,0.9608657530801233
2448,1,0.8245609341769105,0.9038458718824686
2449,1,0.7886216037110669,0.8818205058854477
2450,1,0.8118949009427334,0.8961832173823134
2451,1,0.8094192964566211,0.8946730014891561
2452,1,0.8315346015838093,0.9080195382219308
2453,1,0.8469888537680919,0.9171564322547231
2454,1,0.8689805744525495,0.9298979201076887
2455,1,0.8441141887049755,0.9154684605488042
2456,1,0.8308276288571855,0.9075978707791225
2457,1,0.5174286316615901,0.6819808468949262
2458,1,0.708535494935577,0.829406818922768
2459,1,0.6781124001106243,0.8081847200055513
2460,1,0.7263308823529412,0.8414735434298346
2463,1,0.8863324908926886,0.9397415303738318
2464,1,0.918867467377384,0.9577185324145893
2465,1,0.8937827251025442,0.9439126392433934
2466,1,0.8906975513605757,0.9421893530455103
2495,1,0.7484325811486469,0.856118319022582
2496,1,0.7419406171677121,0.8518552353111345
2497,1,0.7037943856708914,0.8261494363285663
2498,1,0.9207151294040355,0.9587211714104813
2509,1,0.9123878602786791,0.9541870446152311
2515,1,0.8970686513826651,0.9457418957704488
2517,1,0.88535331276627,0.9391908739558659
2518,1,0.9057431787826751,0.9505406487785343
2525,1,0.8576881215428427,0.9233930190935576
2526,1,0.9204527706918735,0.9585789192412848
2527,1,0.8703784446891374,0.9306976854449335
2528,1,0.8634394110657044,0.9267158416188073
2529,1,0.9015055873377724,0.9482018810157029
2530,1,0.8802883018213857,0.9363333282121403
2531,1,0.8967551835978224,0.9455676635050287
2532,1,0.8862547978943275,0.9396978593599078
2533,1,0.8803383461373842,0.9363616371976744
2536,1,0.7852789256198347,0.8797268755605705
2537,1,0.8162346732888406,0.8988207144077935
2538,1,0.802558227025548,0.8904658002087088
2540,1,0.9172850857030275,0.9568583123533543
2541,1,0.906264651200388,0.9508277359386661
2547,1,0.9230394404952993,0.9599797290247574
2548,1,0.9182075736932027,0.957359971137368
2549,1,0.9536441224557141,0.9762720973531162
2552,1,0.8502869024849009,0.9190865495972342
2553,1,0.7898032474907148,0.8825587377808266
2554,1,0.8174379143011196,0.8995497539352902
2555,1,0.8156837154521364,0.898486568459438
2556,1,0.7610946803896053,0.864342716907451
2557,1,0.7012287684371908,0.8243791563451687
2558,1,0.7152872969146761,0.8340145679400514
2559,1,0.7125588345162496,0.8321569106471343
2562,1,0.8964104412133367,0.9453759816253775
2563,1,0.9119097517081266,0.9539255196469538
2564,1,0.767359189891839,0.868368121523504
2565,1,0.8855811944718658,0.93931907792484
2584,1,0.7762735814580508,0.8740473196936793
2585,1,0.7765747157967775,0.8742381717939635
2586,1,0.774583590376311,0.8729750399777515
2589,1,0.9287177386317084,0.9630416312659303
2590,1,0.9262070902693593,0.9616900435558455
2591,1,0.9384027819057243,0.9682226941328897
2592,1,0.9268283623667496,0.9620248284370422
2593,1,0.93840839663602,0.9682256827452521
2594,1,0.9228792698901669,0.9598930981692687
2600,1,0.8992347153309226,0.946944269786307
2603,1,0.929528160668621,0.9634771646416609
2604,1,0.9289202428748828,0.9631504944863977
2605,1,0.9445106791317117,0.9714636070329703
2606,1,0.9396015813810542,0.9688603993733907
2609,1,0.8790865334527952,0.9356530609981926
2610,1,0.8238508539556183,0.9034191059744032
2611,1,0.8013578959256479,0.8897264643946406
2612,1,0.7767792375272023,0.8743677561296469
2665,1,0.8085986136663508,0.8941714403144185
2668,1,0.7802544126061887,0.876565065173962
2673,1,0.8542069343003267,0.9213717395816517
2675,1,0.9666837568804233,0.9830596846071362
2676,1,0.9509070490670353,0.9748358329237459
2687,1,0.823682045060034,0.9033176011040007
2691,1,0.7634715823825844,0.8658734169689042
2692,1,0.721618899866634,0.8383027160337686
2693,1,0.8167142389219035,0.899111397295557
2694,1,0.7490180440634034,0.8565012197624313
2695,1,0.7935235067650757,0.884876617197318
2828,1,0.7590926965587061,0.8630502508977621
2838,1,0.7721822947493024,0.87144792839558
2841,1,0.7991688561468583,0.8883756001183534
2842,1,0.8020700801210412,0.8901652482540167
2843,1,0.812302470365143,0.8964314551769939
2844,1,0.8289628756629346,0.9064840918244059
2847,1,0.8866363368004306,0.939912286756957
2852,1,0.712293314162473,0.8319758166092871
2853,1,0.7170586216283391,0.8352174032920676
2858,1,0.9047291847160398,0.9499819627648729
2859,1,0.9014556150539257,0.9481742386380764
2861,1,0.8870508854029011,0.9401451675358593
2862,1,0.8647920681728469,0.927494365653522
2863,1,0.8767348373685497,0.9343193507270928
2864,1,0.9050944138473643,0.9501832636415259
2866,1,0.9125033658149638,0.9542502064315314
2867,1,0.9199956061660137,0.9583309495203768
2868,1,0.9004719657859407,0.9476298330068239
2892,1,0.5726374394179689,0.7282510578279267
2893,1,0.5720238026726212,0.7277546328498524
2895,1,0.902129551415996,0.9485469070646915
2896,1,0.8779385964912281,0.9350024522969849
2897,1,0.9075931998004134,0.951558434885774
2900,1,0.618498938141069,0.7642871101929144
2913,1,0.3656748894844133,0.5355226083456326
2915,1,0.7149686165394072,0.8337979011908973
2917,1,0.5720537510778959,0.7277788697564075
2918,1,0.5888867501684243,0.741257046930502
2919,1,0.20197219418926526,0.33606799752218275
2920,1,0.6485832492689592,0.7868371215788638
2921,1,0.7215750711540154,0.8382731409677364
2922,1,0.7076986605714818,0.8288331857502895
2923,1,0.72229245189591,0.8387570311892223
2926,1,0.7337026947642441,0.8463996704625484
2927,1,0.7322873926593574,0.845457163473517
2928,1,0.7264794417073474,0.8415732318120376
2929,1,0.6872365451608727,0.8146297531687792
2930,1,0.6817956652738197,0.8107948894764382
2931,1,0.6487517897902576,0.786961134850731
2932,1,0.6255871787786681,0.7696753357130716
2946,1,0.5361487711157834,0.6980427692903092
2947,1,0.6642957928988971,0.7982905391376566
2948,1,0.7119935820296831,0.8317713214620431
2949,1,0.7142439886381061,0.833304936020855
2950,1,0.7101382555828364,0.8305039119083533
2957,1,0.8427808153028957,0.9146837304841041
2958,1,0.8303949336473284,0.9073396329748855
2959,1,0.8098694725625999,0.8949479339147073
2972,1,0.7180015585765002,0.8358567022155918
2973,1,0.582314444428739,0.7360287286500393
2974,1,0.735007688364941,0.8472673559822748
2975,1,0.8162195018517995,0.8988115159203941
3027,1,0.6949360835672719,0.820014501201325
3028,1,0.68961899766344,0.8163011881579318
3029,1,0.7888630288505853,0.8819714155057033
3030,1,0.7003999404100248,0.8238061220363656
3031,1,0.6361787940401986,0.7776397009391488
3032,1,0.4219938730061835,0.5935241789953176
3033,1,0.7035331286432608,0.8259694124100461
3034,1,0.7650909420371922,0.8669139066048994
3035,1,0.7447901553011983,0.8537303503671216
3036,1,0.8529346227550247,0.9206311029871567
3037,1,0.8758555133079848,0.9338198033850208
3038,1,0.907768181919618,0.9516545988372773
3039,1,0.6797279214986619,0.8093309789030656
3040,1,0.6336088751178185,0.7757167395067214
3041,1,0.5491131236268153,0.708938702089387
3042,1,0.7899277750798194,0.8826364796139259
3043,1,0.4775498363717127,0.6464077550769985
3044,1,0.502120548890685,0.6685489380482821
3045,1,0.5855048568049034,0.7385721390785369
3046,1,0.9448001826901119,0.9716167152794413
3047,1,0.8333258790800855,0.9090864734841647
3048,1,0.7718740114781508,0.8712515748613867
3049,1,0.9088761420683854,0.9522630851088766
3050,1,0.6597379658208371,0.7949905098357598
3051,1,0.7619375488481149,0.864885987980947
3052,1,0.8671729036793133,0.9288619195046439
3053,1,0.7256341479260834,0.8410057819013043
3054,1,0.8640129262438241,0.9270460672017958
3055,1,0.9408362145079174,0.9695163429815312
3056,1,0.7379944759502681,0.8492483562662203
3057,1,0.736615764740838,0.8483347666151886
3058,1,0.7356922310381012,0.8477219842115564
3059,1,0.8791979070530178,0.9357161411825827
3060,1,0.8153788702894903,0.898301598232732
3061,1,0.7435572553712351,0.8529198029839499
3062,1,0.7611865258924082,0.864401941193263
3063,1,0.6971546407597872,0.8215570037244018
3064,1,0.6287717933340897,0.7720808966699948
3065,1,0.6380444415088317,0.7790319057779869
3066,1,0.622145234328114,0.7670647746726624
3067,1,0.6191434886316388,0.7647790241924585
3068,1,0.6163914246497745,0.7626759400599131
3069,1,0.6149443457215433,0.7615672296704336
3076,1,0.7059764284648665,0.8276508592796253
3077,1,0.6051094336759852,0.75397903841382
3078,1,0.5876386421472127,0.7402674973348555
3079,1,0.6804220840399472,0.8098228302309936
3080,1,0.7242418141279464,0.8400698883343569
3081,1,0.6838578002078076,0.8122512484408263
3082,1,0.694724111866969,0.8198669116728811
3083,1,0.713728336103503,0.8329538831414833
3099,1,0.8962369549214048,0.9452794943114606
3100,1,0.8840505112895477,0.9384573353975048
3101,1,0.822858609866585,0.9028221996074726
3102,1,0.6751977637042708,0.806111109187782
3103,1,0.6123197089197786,0.7595512298612542
3104,1,0.6991979460015845,0.8229740950980793
3105,1,0.7772173339062315,0.8746452322721252
3106,1,0.939221509374079,0.9686583042050011
3107,1,0.8542521782962483,0.9213980582524272
3108,1,0.9281565896689439,0.9627398465892278
3109,1,0.8411536206391088,0.9137245379308697
3110,1,0.8677798524595182,0.9292099936904381
3111,1,0.8314375244810027,0.9079616567500631
3112,1,0.8340977469777946,0.90954557722151
3113,1,0.758781289544818,0.8628489443860239
3114,1,0.76057920714621,0.8640102121608738
3115,1,0.7290815267568941,0.8433165417299628
3116,1,0.7088483435077851,0.8296211260651941
3118,1,0.6723792722028535,0.8040990263138066
3119,1,0.646125677866607,0.7850259388505396
3120,1,0.7161910823521092,0.8346286025103223
3134,1,0.6492155309560738,0.7873022279625443
3135,1,0.6087690726328576,0.7568134954714992
3136,1,0.5959374753182598,0.7468180734328815
3137,1,0.6906256688307055,0.8170060132925414
3138,1,0.5599478196049199,0.7179058332178508
3139,1,0.7499061039917071,0.8570815340104225
3140,1,0.810745965910811,0.8954828354434613
3141,1,0.8096924496732418,0.894839838470277
3142,1,0.794265998150807,0.8853380702408533
3143,1,0.7992955934147543,0.8884538997817789
3144,1,0.7910148741757105,0.8833146899907953
3145,1,0.806754636076299,0.8930428293554188
3146,1,0.8608615655373785,0.9252290245338904
3147,1,0.8446884606289903,0.9158060872142862
3156,1,0.9012927588963312,0.9480841439900256
3157,1,0.8899323851713686,0.9417610832576685
3158,1,0.8688851360704299,0.9298432731905312
3159,1,0.799841074406867,0.8887907780085
3160,1,0.7737965127032435,0.8724749509446125
3161,1,0.746528105068024,0.8548709899391491
3162,1,0.7733942669890046,0.8722192028985507
3163,1,0.9146381246796017,0.9554161832358358
3164,1,0.9268318973260803,0.9620267327028076
3165,1,0.9023226330296793,0.9486536272689151
3166,1,0.9254014214266912,0.9612555710496815
3167,1,0.9505349505349505,0.974640264994235
3168,1,0.9385953899462662,0.9683252057793061
3169,1,0.8593705906920568,0.9243671971515904
3170,1,0.8929814471133036,0.9434656092113877
3171,1,0.8993568187403718,0.9470119672793375
3172,1,0.9033729251381182,0.9492337662337662
3173,1,0.8604938885642167,0.9250166247289083
3174,1,0.8074340823903923,0.8934589540577144
3182,1,0.8097400111886465,0.8948688830245899
3183,1,0.8206638503319251,0.9014995823444398
3184,1,0.8318354522870086,0.9081988791607667
3185,1,0.760550060371029,0.8639914052892607
3194,1,0.9137275007103414,0.9549191307238696
3195,1,0.883435621242485,0.938110770847257
3196,1,0.9107362662411671,0.9532830692880321
3197,1,0.891525996186241,0.9426526497481568
3198,1,0.8455335125408215,0.9163025291009113
3199,1,0.7767004739971277,0.8743178553329788
3200,1,0.7564987754861172,0.861371252908222
3301,1,0.835709197501044,0.9105028167192246
3302,1,0.7408531129512437,0.85113799371078
3303,1,0.934529162514482,0.966156706885504
3304,1,0.9097336025016823,0.9527335135224767
3305,1,0.7330025560066156,0.845933612118478
3306,1,0.7741689713758924,0.8727116569686298
3307,1,0.8212877890855679,0.9018759078134708
3308,1,0.8346169162452758,0.9098541595848811
3309,1,0.8832700609252059,0.9380174190113512
3310,1,0.8684041675578233,0.9295677912053768
3311,1,0.3835024152734366,0.5543935609214543
3312,1,0.9384783732028329,0.968262928466146
3313,1,0.899692817501338,0.9471982093238653
3314,1,0.8944740509387321,0.9442980235021015
3315,1,0.8506576804716423,0.919303109859681
3322,1,0.8601074524539372,0.9247932976336876
3323,1,0.9156080788948138,0.9559451006523866
3324,1,0.790035564051051,0.8827037628940869
3335,1,0.8393345938824686,0.9126502558849835
3336,1,0.8444679356758596,0.9156764607745
3337,1,0.8453124652631111,0.9161727145679727
3338,1,0.8413406483193245,0.9138348725286161
3339,1,0.9040141252207066,0.9495876246358377
3340,1,0.923391877578766,0.9601702995035671
3341,1,0.9105907764424734,0.9532033627190398
3342,1,0.9144696360107919,0.9553242514896036
3343,1,0.9086366027449667,0.9521315911454092
3344,1,0.925634687070826,0.9613814014524766
3345,1,0.9517616080431172,0.9752846906312252
3346,1,0.9376528201560745,0.9678233483339376
3347,1,0.9432595770934994,0.970801418618831
3348,1,0.8989528122633828,0.9467879417097373
3349,1,0.9308886054421769,0.9642074667782317
3350,1,0.9062477742482301,0.9508184470989124
3451,1,0.5799991403026135,0.7341765264397898
3452,1,0.6196148180849573,0.7651384899251462
3456,1,0.5811831194700514,0.7351243664488911
3457,1,0.8527567484897147,0.9205274779701591
3458,1,0.9174791681939252,0.9569638965706202
3459,1,0.8978759939978976,0.9461903694840583
3460,1,0.8872801102597923,0.9402738951534378
3461,1,0.9164966264494891,0.9564291570368118
3462,1,0.7745301503750681,0.8729410996047172
3463,1,0.5306252960682141,0.6933444748773656
3464,1,0.37061627511065715,0.5408023847969197
3465,1,0.37269642994833835,0.543013621682348
3469,1,0.7433176574621166,0.8527621506963018
3470,1,0.7270378836929663,0.8419478119823566
3471,1,0.8462964609943149,0.9167503473830477
3472,1,0.750623705766363,0.8575500300765843
3473,1,0.7721507018692269,0.8714278092204898
3474,1,0.7904140257021574,0.8829399394278941
3475,1,0.7992817328195728,0.8884453370924348
3476,1,0.7749000204337799,0.8731759665475657
3477,1,0.7434334166950294,0.852838324166497
3478,1,0.8506334210702915,0.9192889433265913
3479,1,0.4394158956638056,0.6105475102609773
3480,1,0.4911912751677852,0.6587904360056259
3481,1,0.6965816842793996,0.8211590290452337
3488,1,0.922753423800888,0.9598250221568133
3489,1,0.705092208538064,0.8270429071312289
3490,1,0.8446050722825271,0.915757074480346
3491,1,0.9205896399943204,0.9586531352913502
3492,1,0.9006055194352206,0.9477037820061076
3493,1,0.8650549450549451,0.92764553382041
3598,1,0.8422567892746649,0.9143750145779395
3599,1,0.5778650326214131,0.7324644639109178
3600,1,0.7202056626577639,0.837348322112865
3601,1,0.6638966466808586,0.7980022653512762
3602,1,0.7800869054156911,0.8764593493074687
3606,1,0.350695983686497,0.5192818930716466
3607,1,0.46138881916305086,0.6314388246480386
3608,1,0.4330135975545483,0.6043398308201545
3609,1,0.49305180847582064,0.6604617544774307
3610,1,0.41628716117749925,0.5878570004566005
3611,1,0.7847770911993399,0.8794118829393793
3612,1,0.7906995111934076,0.8831180287377727
3613,1,0.5480389162776493,0.7080428153517498
3614,1,0.5569656890261016,0.7154501771641345
3615,1,0.876021915361363,0.9339143729486997
3616,1,0.9036992325601448,0.9494138749479101
3617,1,0.9000946419380013,0.9474208516476315
3618,1,0.8596114138713062,0.9245064936246894
3619,1,0.8155657953482887,0.8984150257047939
3620,1,0.9063505749579559,0.9508750246296594
3621,1,0.8929147084273571,0.9434283588711665
3622,1,0.9149867096735657,0.955606328807929
3623,1,0.8794628425122523,0.9358661662464008
3624,1,0.8995443724087346,0.9471159352472079
3625,1,0.7489779947673332,0.8564750351441327
3626,1,0.7505319982976054,0.857490179017006
3627,1,0.5017613783089794,0.6682304999399774
3628,1,0.44947608240453374,0.6201910991989582
3629,1,0.4574232296215349,0.6277150251547987
3630,1,0.8153990317038888,0.8983138334480385
3631,1,0.8845699330731583,0.9387499158820758
3632,1,0.9207667414111173,0.9587491511172913
3633,1,0.9025938900623358,0.9488035200541547
3634,1,0.8905760931234741,0.9421213950210575
3635,1,0.895948529128767,0.9451190423829453
3636,1,0.8922909880564603,0.9430801009869176
3637,1,0.8983049742061292,0.9464285100783663
3638,1,0.8604375116925678,0.9249840494881966
3639,1,0.7381563898964154,0.8493555518792016
3640,1,0.7940731962263398,0.8852182819481348
3641,1,0.7349531615925059,0.8472311274592516
3642,1,0.7662654747804913,0.8676673871754432
3643,1,0.8147618742388308,0.8979270347307335
3644,1,0.8995843920502669,0.9471381169639154
3645,1,0.8866470895416104,0.9399183286123054
3646,1,0.8140450026164312,0.897491519165532
3647,1,0.786414987982369,0.8804393080810073
3648,1,0.7639468661256033,0.8661789998284515
3649,1,0.7193226284135376,0.8367511908771592
3650,1,0.7653948361274237,0.8671089554180372
3801,1,0.87012854668006,0.9305547987326893
3802,1,0.8524211918583291,0.9203319370398578
3803,1,0.8832951945080092,0.9380315917375456
3808,1,0.7471786636671082,0.8552973765131429
3809,1,0.806032415478429,0.8926001643939554
3810,1,0.8852003009644542,0.9391047736535927
3811,1,0.91289175322795,0.9544625321192078
3812,1,0.8956192025801015,0.9449357775665982
3813,1,0.9220645218759743,0.9594522050446261
3814,1,0.9192762186115214,0.9579405087158964
3817,1,0.5629756747518294,0.7203895541640073
3818,1,0.8121515250901935,0.8963395321478667
3819,1,0.8591392205747277,0.9242333345096517
3820,1,0.8797636194758167,0.9360364360292749
3821,1,0.8145026465374205,0.8977695878170471
3822,1,0.85649780540117,0.9227027394369471
3823,1,0.8269823263681458,0.9052986604551366
3824,1,0.7020558705006489,0.8249504410147754
3825,1,0.8021826006762988,0.8902345415778251
3826,1,0.8225749987497232,0.9026514676367285
3827,1,0.5551538243281585,0.7139535853541567
3828,1,0.8469496695475344,0.9171334590346688
3829,1,0.8322115464122112,0.9084229908296628
3830,1,0.8516921823551377,0.9199068727199399
3951,1,0.9635933934096464,0.9814591927674314
3952,1,0.8692342023050065,0.930043117371947
3953,1,0.8763675623800384,0.9341107573490864
3954,1,0.91017602866178,0.9529760765550239
3955,1,0.9103229231671991,0.9530565875825215
3956,1,0.8522068492896965,0.9202069948251294
3957,1,0.8840141802285001,0.938436864759992
3958,1,0.8892875541135322,0.9413998966724708
3959,1,0.8600070752631114,0.9247352730004612
3976,1,0.8848777647512412,0.9389232355531807
3977,1,0.8305620406723169,0.9074393789650237
3978,1,0.8006581533173548,0.8892950078750942
3979,1,0.6265462442589033,0.770400775840682
3985,1,0.8789172858659263,0.9355571876181495
3986,1,0.8536167867669776,0.9210283299773414
3987,1,0.6486341929321872,0.7868746089495516
3988,1,0.7196149932787214,0.836948963682458
3989,1,0.6866572087757763,0.8142225998300765
3990,1,0.6886201473818281,0.8156010082546036
3991,1,0.6721566558976726,0.803939814522743
3992,1,0.6143916487186143,0.7611432445234381
3993,1,0.5807619436677255,0.7347873549134494
3994,1,0.699058677278174,0.8228776164435225
3995,1,0.7033231456983852,0.8258246798026259
3996,1,0.6599863941026242,0.7951708477218065
3997,1,0.6732930040404957,0.8047520696192443
4013,1,0.5265816260791135,0.6898833538716048
4014,1,0.5086420238048474,0.674304461600552
4015,1,0.5758013852563513,0.7308045171729304
4016,1,0.5466185275278276,0.7068563033465827
4017,1,0.5726083325600817,0.728227519471324
4018,1,0.5150506925603313,0.679912157513266
4019,1,0.6581829335452524,0.7938604604234282
4020,1,0.8305852088162838,0.9074532065659673
4021,1,0.8368552332595647,0.9111825669293877
4022,1,0.7906924250443662,0.8831136089993523
4023,1,0.8715955496961317,0.9313930564086265
4026,1,0.9064308852424194,0.9509192200557103
4027,1,0.8869031789089232,0.9400622022607045
4030,1,0.9075774663014876,0.9515497874496777
4031,1,0.9238205279730457,0.9604019860900342
4032,1,0.9112514864511558,0.953565235042075
4033,1,0.9085648049501828,0.9520921716607869
4034,1,0.8914988436671787,0.9426374714972267
4035,1,0.8796910965073222,0.9359953857757665
4036,1,0.9076476873759731,0.9515883812114908
4037,1,0.7738110143268525,0.8724841689186464
4038,1,0.8575566595860471,0.9233168260688769
4039,1,0.7832803236752014,0.8784713354106009
4040,1,0.7743426475103835,0.8728219981601406
4041,1,0.8361202913563196,0.9107467471411557
4042,1,0.9220741989881956,0.9594574439151071
4043,1,0.8823982550591168,0.9375255769469517
4044,1,0.9103974496328621,0.9530974298649961
4045,1,0.8617863343887243,0.9257628745799904
4046,1,0.8544661495901291,0.9215225090832547
4047,1,0.7557920568512002,0.86091294684021
4048,1,0.651810117477823,0.7892070772312292
4049,1,0.4774772777654622,0.6463412804393164
4050,1,0.44938239981785066,0.6201019135796408
4052,1,0.48197956510953033,0.6504537261603983
4053,1,0.5044012711796052,0.670567462076262
4054,1,0.132133692584039,0.23342418558792363
4055,1,0.6100082169268694,0.7577703150996744
4056,1,0.46052728931856857,0.6306315433975008
4057,1,0.4794737307126965,0.648167954265363
4058,1,0.40582227583433855,0.5773450638964842
4059,1,0.5960532651468611,0.7469089887698893
4060,1,0.5162337662337663,0.6809421841541756
4061,1,0.6605480180899175,0.7955783402755527
4062,1,0.9427775376778145,0.9705460552160887
4063,1,0.8985200655348109,0.9465478736267123
4064,1,0.8844968058924398,0.9387087344768084
4065,1,0.9302413715316941,0.9638601526746104
4066,1,0.795058414477062,0.8858301301673006
4067,1,0.9132188079683845,0.9546412612764522
4069,1,0.5306801586478226,0.6933913079746413
4070,1,0.5182689203977358,0.6827103070277782
4071,1,0.5457676115854574,0.7061444521090416
4093,1,0.8114786026664778,0.8959295477981244
4094,1,0.8343028997216986,0.9096675362049305
4095,1,0.8595100472920328,0.9244478657630488
4096,1,0.8028543097953112,0.8906480190143197
4097,1,0.8393955461293744,0.9126862875097288
4098,1,0.8483949786646364,0.9179801811380759
4099,1,0.8920117172037052,0.9429240940664491
4100,1,0.9151891127906091,0.9557167035657311
4104,1,0.9505444173797181,0.9746452415132805
4105,1,0.9326066932760209,0.9651282865994122
4106,1,0.9473181143281366,0.9729464409105856
4107,1,0.9265898532846907,0.9618963285879708
4108,1,0.9122470601626871,0.95411004066083
4109,1,0.8867610047169026,0.939982332155477
4110,1,0.7726895079842981,0.8717708369165147
4111,1,0.7444998044696783,0.8535395676882905
4112,1,0.7088017731727508,0.8295892294829621
4113,1,0.2334353252859195,0.3785124691994815
4114,1,0.7253423642929749,0.8408097770093436
4115,1,0.6885690499660355,0.8155651674178035
4134,1,0.6965567895449998,0.8211417311079927
4135,1,0.7272627174631139,0.8420985529419265
4136,1,0.712431064596427,0.832069774165569
4137,1,0.725453172205438,0.8408842197417378
4138,1,0.7610449272506099,0.8643106322548777
4139,1,0.8164858782409853,0.8989729983826119
4140,1,0.6751158725321957,0.8060527436966544
4141,1,0.6164967789284841,0.7627565819675025
4142,1,0.714111390526446,0.8332146842652095
4143,1,0.8592229136748045,0.9242817602506062
4144,1,0.8689218258752335,0.9298642820100935
4145,1,0.894152855591239,0.9441190059734003
4146,1,0.9279242554762491,0.9626148463462605
4147,1,0.9003667574683082,0.9475715715715716
4148,1,0.8178492057253518,0.8997987326446216
4149,1,0.8350628617042507,0.9101190799847751
4150,1,0.8491245594659426,0.9184070971521612
4151,1,0.8627528869004063,0.9263202789458719
4153,1,0.6575965777818135,0.7934338024054146
4154,1,0.6563733317265689,0.7925427428155692
4155,1,0.6856644119572333,0.8135242188106765
4156,1,0.6705046263180968,0.8027569822370784
4157,1,0.7326887849580977,0.8457246232777073
4158,1,0.5257677303190957,0.689184493643915
4159,1,0.6043753546125998,0.7534089237596587
4160,1,0.7326926895897006,0.8457272244430157
4161,1,0.7173235597808393,0.8353970988115744
4162,1,0.7431402134377872,0.8526453669176509
4163,1,0.697617498373292,0.8218783077363069
4164,1,0.6824765310683951,0.81127613784308
4165,1,0.735508013838876,0.8475996745321399
4198,1,4.66059236128912e-05,9.320750320400793e-05
4199,1,0.5151414733622228,0.6799912515351874
4200,1,0.00011459676264145538,0.00022916726345641525
4206,1,0.6902928431453728,0.8167730768602733
4207,1,0.6768252862553877,0.8072698948461638
4277,1,0.9361893219642046,0.9670431618892199
4278,1,0.938781385592959,0.9684241787846968
4279,1,0.9294206338695382,0.9634193991235017
4280,1,0.8586382820379745,0.923943394834726
4281,1,0.6967483834953715,0.821274845784784
4282,1,0.724739102804597,0.8404043273862107
4283,1,0.824322166744078,0.9037024071414648
4284,1,0.8025270501138952,0.8904466094566363
4285,1,0.6699012670028391,0.802324401136825
4286,1,0.6613677264547091,0.7961725943311067
4287,1,0.7415816764534185,0.8516186021933647
4288,1,0.7039134405957985,0.8262314549847847
4289,1,0.6897629801821419,0.8164020496031832
4290,1,0.658647429863872,0.7941982340610244
4291,1,0.35093151016131846,0.5195400470293461
4292,1,0.40424433685503525,0.5757464370629208
4293,1,0.3711124068844876,0.5413303898660626
4295,1,0.1985606952113696,0.3313318983422076
4296,1,0.36037812016416604,0.5298205180199117
4297,1,0.5146200047161306,0.6795367856145283
4298,1,0.7081725004834655,0.8291580625294352
4299,1,0.7182571728961282,0.836029884496863
4300,1,0.8920676823256257,0.9429553611202165
4301,1,0.931974631907706,0.9647897198188762
4302,1,0.9127612829359615,0.9543912155467028
4303,1,0.8934193966246899,0.9437099865115429
4304,1,0.931388695639828,0.9644756622449617
4305,1,0.8879905653303157,0.9406726724558141
4306,1,0.9074668517971172,0.9514889875461254
4307,1,0.8909058243447363,0.9423058651305024
4308,1,0.8399295625132694,0.9130018666214152
4333,1,0.5089553603337794,0.6745797439908348
4334,1,0.5509262728445943,0.7104480496472938
4335,1,0.5083623693379791,0.674058674058674
4357,1,0.5512601927353595,0.7107256349604568
4358,1,0.5146003046861459,0.6795196106774598
4359,1,0.558428701540411,0.7166560792783636
4366,1,0.7461180886032478,0.8546020953257308
4367,1,0.7106855419603926,0.83087805973501
4368,1,0.7254656470905484,0.8408925999933021
4369,1,0.691479663157326,0.8176032833485044
4370,1,0.6219904656348899,0.7669471292378114
4371,1,0.6185076955624901,0.7642937963882047
4372,1,0.54244847228038,0.7033602509630881
4373,1,0.5540445610826142,0.713035616812227
4374,1,0.536036960306061,0.6979479975524204
4375,1,0.6099340219832837,0.7577130660695073
4376,1,0.4941199920271078,0.6614194236926361
4377,1,0.6646301804336546,0.7985319360970748
4378,1,0.8561640563687856,0.9225090351589931
4379,1,0.9296516052653832,0.9635434735769611
4380,1,0.9400916813861553,0.9691208826940377
4381,1,0.8744875969571927,0.9330417532521696
4382,1,0.9082126909280064,0.9518988058782087
4383,1,0.9293909251941681,0.9634034379016653
4384,1,0.9358864763207386,0.9668815684889164
4386,1,0.8853697282600395,0.9392001101843562
4387,1,0.879088672420309,0.9356542725448105
4388,1,0.8606043238768427,0.9250804298719967
4389,1,0.9120309220708712,0.9539918121021538
4390,1,0.8731646731219543,0.9322882132585532
4391,1,0.8057696745903531,0.8924390368590562
4392,1,0.86665313419785,0.9285636611541904
4393,1,0.8815654978686029,0.9370553391494705
4397,1,0.9092988802756244,0.952495064726963
4401,1,0.7818394490159831,0.8775644174313821
4404,1,0.6064307476629028,0.755003909810817
4405,1,0.5253810913255706,0.6888522406804053
4406,1,0.5523214889064084,0.7116070902239615
4408,1,0.6049705057537955,0.7538711815388324
4409,1,0.6006116170986867,0.750477643274103
4410,1,0.5903738020299183,0.7424340130306197
4411,1,0.60276538549531,0.7521567297998947
4412,1,0.7341580948451177,0.8467026126711791
4413,1,0.7588356509621371,0.8628840910144512
4414,1,0.8615899831199029,0.9256495693814752
4415,1,0.8508914206914666,0.9194395858981136
4416,1,0.80892429894714,0.8943705376924436
4417,1,0.7574904404475287,0.862013724813935
4418,1,0.7079187671035575,0.8289841188455467
4419,1,0.36615715148938077,0.5360395780093048
4421,1,0.5712575805936801,0.7271342237570464
4422,1,0.4866238410523491,0.6546697659683415
4423,1,0.30939840342358654,0.4725809999685742
4424,1,0.3900073655781979,0.5611587035238012
4427,1,0.48079069599971197,0.6493702280795604
4428,1,0.6375433021271723,0.7786582514172323
4429,1,0.7679213988530305,0.8687279868338409
4430,1,0.4176596928411546,0.5892241910385646
4432,1,0.47424266282295086,0.6433712370185356
4433,1,0.4696393155897495,0.6391218724320649
4434,1,0.9130793437414072,0.954565054218503
4435,1,0.9326845806127574,0.9651699920087838
4436,1,0.9142460041695621,0.9552022072170188
4437,1,0.907015653002143,0.9512409104500662
4439,1,0.9323065293395068,0.9649675299272358
4440,1,0.9123957534212676,0.9541913610600689
4442,1,0.9286225481813634,0.9629904504196823
4447,1,0.929579106198707,0.9635045313379129
4451,1,0.9279714517350912,0.9626402412753123
4458,1,0.8706442061170693,0.9308496006563232
4461,1,0.9365916452121916,0.96725775671677
4462,1,0.9383979610705987,0.96822012808176
4466,1,0.9149328256583628,0.9555769407668957
4471,1,0.9273041498357485,0.962281070078925
4475,1,0.9292547376093294,0.9633302637481995
4479,1,0.8739808784434862,0.9327532511104466
4483,1,0.8731668871562474,0.9322894752659734
4484,1,0.8604869973683466,0.9250126430182022
4487,1,0.9153396237647339,0.9557987653025941
4488,1,0.8376707467862656,0.9116657575914416
4490,1,0.9025824737669254,0.948797212432953
4491,1,0.8791704358005641,0.9357005826094958
4498,1,0.8458845646865614,0.9165086277539743
4506,1,0.3186511361274025,0.48329861840973803
4527,1,0.6110345211736363,0.758561673437635
4528,1,0.6780384089685356,0.8081321683039607
4537,1,0.9024581238906374,0.9487285029381441
4552,1,0.7940697899213817,0.8852161653713357
4557,1,0.891098169071973,0.9424134438343469
4559,1,0.8839983451319298,0.9384279422708585
4560,1,0.9144324189034426,0.9553039426977687
4561,1,0.9094582103348541,0.9525824712082764
4562,1,0.9036881677279645,0.9494077686121342
4564,1,0.9166480550185988,0.9565116064145682
4579,1,0.9005970079730453,0.9476990694976595
4586,1,0.8083889552448535,0.8940432343388192
4587,1,0.8116383947336548,0.8960269302009147
4597,1,0.918325191484229,0.9574238982637879
4598,1,0.935565842169006,0.9667104283268458
4599,1,0.9434292624659648,0.970891280363735
4616,1,0.753170473440822,0.8592096260469506
4617,1,0.6479362169790661,0.7863607951609172
4619,1,0.8212789389259978,0.901870571687721
4620,1,0.8134525903881883,0.897131355624864
4629,1,0.9178325139406738,0.9571560678724274
4635,1,0.8836269650422862,0.9382186403584951
4637,1,0.8673298321163824,0.9289519368234733
4642,1,0.9032419650683973,0.9491614641188697
4645,1,0.8182343383282181,0.9000317737707523
4657,1,0.8686088260691723,0.9296850297944789
4660,1,0.9082513715892239,0.9519200511123613
4664,1,0.9289751701814456,0.9631800186355568
4674,1,0.7195679907025828,0.8369171729099016
4685,1,0.8858771778930037,0.9394855489823043
4686,1,0.90309829226755,0.9490821319496897
4688,1,0.9382037058892954,0.9681167186282151
4689,1,0.929949638509547,0.9637035287902377
4692,1,0.9443565877462498,0.9713820949282519
4694,1,0.9347132210586115,0.966255061354434
4695,1,0.9270781204484513,0.9621593547361852
4698,1,0.9383678774197961,0.968204114761619
4700,1,0.9461605446485117,0.9723355529431864
4701,1,0.9315429464067345,0.964558358010824
4702,1,0.7281875086711335,0.8427181715149226
4706,1,0.8794027467534122,0.9358321395161764
4707,1,0.8374195792036168,0.9115169868458408
4709,1,0.8354986126978946,0.9103778198664426
4711,1,0.5203247974175943,0.6844916274488344
4714,1,0.42494226327944573,0.5964343598055105
4719,1,0.2278618471255327,0.3711522557019997
4731,1,0.5923254078431058,0.7439753268089138
4735,1,0.6122858840363841,0.7595252059188365
4992,1,0.9119404529404918,0.9539423171239062
4993,1,0.8880889414486124,0.9407278671599415
